pep,train_ae positive pairs_10,train_ae negtive pairs_10,validation_ae positive pairs_10,validation_ae negtive pairs_10,test_ae positive pairs_10,test_ae negtive pairs_10
LLFLVLIML,2529.0,10885.0,587.0,2175.0,327.0,1301.0
IDFYLCFLAF,2514.0,10520.0,633.0,2363.0,339.0,1287.0
FYLCFLAFL,2514.0,10539.0,637.0,2372.0,319.0,1254.0
LIDFYLCFL,2502.0,11020.0,609.0,2152.0,340.0,1281.0
MIELSLIDFY,2495.0,10589.0,594.0,2401.0,338.0,1262.0
IELSLIDFYL,2487.0,10512.0,596.0,2287.0,355.0,1246.0
YLCFLAFLL,2464.0,10445.0,589.0,2200.0,335.0,1282.0
FYLCFLAFLL,2453.0,10596.0,640.0,2389.0,361.0,1327.0
FLAFLLFLV,2446.0,10518.0,591.0,2391.0,344.0,1163.0
SLIDFYLCFL,2419.0,10496.0,622.0,2313.0,365.0,1536.0
AFLLFLVLI,2379.0,10315.0,614.0,2431.0,352.0,1302.0
HTTDPSFLGRY,1277.0,6019.0,275.0,1386.0,153.0,831.0
NVFAFPFTIY,849.0,4217.0,184.0,978.0,97.0,467.0
FVDGVPFVV,832.0,4242.0,183.0,874.0,104.0,475.0
NVFAFPFTI,831.0,4272.0,184.0,924.0,111.0,436.0
WPVTLACFVL,811.0,4336.0,193.0,996.0,92.0,423.0
WLLWPVTLA,800.0,4095.0,185.0,952.0,108.0,539.0
FLWLLWPVTL,798.0,4120.0,178.0,794.0,109.0,545.0
MGYINVFAF,782.0,4248.0,218.0,1146.0,112.0,575.0
LWLLWPVTL,781.0,4050.0,204.0,1066.0,108.0,570.0
TLACFVLAAV,777.0,4097.0,190.0,811.0,102.0,553.0
YINVFAFPF,776.0,3791.0,189.0,974.0,108.0,575.0
GYINVFAFPF,775.0,3907.0,183.0,972.0,100.0,521.0
LWPVTLACF,774.0,3812.0,198.0,1060.0,116.0,528.0
INVFAFPFTI,772.0,3976.0,195.0,1039.0,92.0,452.0
FLNGSCGSV,765.0,3956.0,163.0,818.0,88.0,446.0
AFPFTIYSL,765.0,3680.0,200.0,930.0,112.0,535.0
FLWLLWPVT,755.0,3795.0,188.0,902.0,118.0,574.0
YQIGGYTEK,715.0,3777.0,134.0,794.0,80.0,477.0
KLSYGIATV,712.0,3795.0,198.0,1008.0,101.0,486.0
YQIGGYTEKW,668.0,3541.0,127.0,704.0,83.0,451.0
SEHDYQIGGYTEKW,653.0,3550.0,126.0,761.0,89.0,488.0
VYFLQSINFV,403.0,2125.0,88.0,546.0,53.0,316.0
QSINFVRII,386.0,1861.0,97.0,446.0,52.0,310.0
LQSINFVRI,385.0,1810.0,87.0,385.0,49.0,220.0
GLEAPFLYLY,379.0,2288.0,84.0,506.0,38.0,198.0
FLQSINFVR,375.0,1917.0,84.0,432.0,51.0,322.0
APKEIIFL,371.0,1896.0,89.0,460.0,55.0,255.0
FLYLYALVYF,370.0,2114.0,94.0,541.0,58.0,317.0
KEIIFLEGETL,369.0,2066.0,94.0,501.0,63.0,324.0
INFVRIIMR,363.0,2069.0,97.0,500.0,47.0,245.0
SINFVRIIMR,363.0,1905.0,80.0,440.0,50.0,241.0
QELYSPIFL,362.0,1992.0,80.0,366.0,44.0,256.0
LSPRWYFYY,355.0,2099.0,89.0,492.0,37.0,218.0
YFLQSINFVR,353.0,2011.0,102.0,556.0,47.0,233.0
FLQSINFVRI,351.0,1973.0,87.0,462.0,51.0,208.0
VYFLQSINF,349.0,1853.0,113.0,495.0,57.0,384.0
LQSINFVRII,348.0,1815.0,101.0,579.0,44.0,206.0
YLYALVYFL,346.0,1913.0,79.0,375.0,49.0,294.0
VQELYSPIFL,343.0,1780.0,83.0,394.0,46.0,290.0
SPRWYFYYL,340.0,1715.0,83.0,483.0,47.0,261.0
ELYSPIFLI,336.0,1556.0,72.0,433.0,52.0,211.0
VQELYSPIF,317.0,1770.0,84.0,538.0,49.0,237.0
LYSPIFLIV,312.0,1793.0,82.0,427.0,37.0,136.0
LLDDFVEII,292.0,1586.0,69.0,397.0,38.0,193.0
TPSGTWLTY,291.0,1646.0,73.0,407.0,37.0,179.0
LLLDDFVEI,290.0,1667.0,79.0,353.0,26.0,121.0
AELAKNVSLDNVL,290.0,1652.0,66.0,316.0,46.0,218.0
AEAELAKNVSL,290.0,1643.0,68.0,394.0,39.0,243.0
MEVTPSGTWL,287.0,1687.0,81.0,420.0,38.0,228.0
VTPSGTWLTY,280.0,1517.0,75.0,493.0,34.0,188.0
GMEVTPSGTWL,273.0,1606.0,73.0,446.0,48.0,231.0
LEYHDVRVVL,272.0,1430.0,68.0,341.0,39.0,199.0
VLWAHGFEL,267.0,1425.0,50.0,331.0,34.0,190.0
EDFLEYHDVR,263.0,1368.0,74.0,452.0,39.0,145.0
LEYHDVRVV,262.0,1464.0,55.0,276.0,44.0,216.0
YEQYIKWPW,257.0,1573.0,56.0,288.0,32.0,149.0
DFLEYHDVR,256.0,1322.0,57.0,322.0,40.0,165.0
YEDFLEYHDVRVVL,247.0,1256.0,78.0,367.0,23.0,148.0
YEQYIKWPWY,241.0,1296.0,66.0,316.0,36.0,228.0
FPNITNLCPF,239.0,1291.0,52.0,285.0,39.0,225.0
GVYFASTEK,238.0,1416.0,75.0,413.0,33.0,159.0
VQPTESIVRF,238.0,1415.0,56.0,322.0,33.0,116.0
SELVIGAVI,237.0,1349.0,60.0,340.0,26.0,150.0
TESIVRFPNI,236.0,1268.0,69.0,359.0,35.0,235.0
LLFVTVYSHL,232.0,1232.0,57.0,296.0,21.0,129.0
RFPNITNLCPF,232.0,1206.0,52.0,407.0,25.0,140.0
SVLLFLAFV,227.0,1261.0,65.0,350.0,30.0,134.0
MLIIFWFSL,226.0,1257.0,52.0,287.0,38.0,215.0
QYIKWPWYI,225.0,1226.0,59.0,345.0,44.0,222.0
VLPFNDGVYF,222.0,1322.0,49.0,258.0,33.0,171.0
VRFPNITNL,220.0,1209.0,55.0,310.0,29.0,156.0
QPTESIVRF,220.0,1205.0,59.0,382.0,29.0,198.0
IMLIIFWFSL,219.0,1145.0,61.0,357.0,29.0,138.0
LPFNDGVYF,219.0,1101.0,52.0,295.0,34.0,160.0
FVCNLLLLFV,216.0,1354.0,56.0,249.0,18.0,83.0
VLPFNDGVY,216.0,1196.0,55.0,268.0,30.0,178.0
LIVNSVLLFL,215.0,1042.0,58.0,325.0,36.0,220.0
SELVIGAVIL,211.0,1283.0,60.0,322.0,35.0,198.0
DGVYFASTEK,210.0,1233.0,49.0,276.0,27.0,193.0
LLFLAFVVFL,210.0,1186.0,55.0,283.0,36.0,165.0
APAHISTI,209.0,1180.0,53.0,324.0,30.0,180.0
KLPDDFTGCV,202.0,1142.0,36.0,223.0,33.0,177.0
FLPRVFSAV,201.0,1107.0,62.0,337.0,28.0,122.0
RQLLFVVEV,199.0,1189.0,47.0,308.0,29.0,164.0
LPFNDGVYFA,198.0,1105.0,55.0,311.0,40.0,214.0
TVYSHLLLV,194.0,1097.0,38.0,255.0,32.0,209.0
LTDEMIAQY,192.0,1101.0,35.0,233.0,25.0,115.0
VLPPLLTDEMIAQY,176.0,946.0,38.0,227.0,25.0,187.0
KAYNVTQAF,173.0,928.0,41.0,229.0,23.0,144.0
QLMCQPILLL,172.0,923.0,39.0,174.0,21.0,94.0
TVLSFCAFA,167.0,828.0,38.0,189.0,25.0,90.0
LYDANYFLCW,167.0,942.0,35.0,152.0,16.0,111.0
LTDEMIAQYT,167.0,889.0,44.0,217.0,23.0,114.0
LLTDEMIAQY,161.0,978.0,41.0,132.0,19.0,116.0
VLSFCAFAV,153.0,808.0,55.0,274.0,22.0,116.0
PLLYDANYFL,151.0,813.0,25.0,137.0,20.0,118.0
LLYDANYFL,151.0,881.0,40.0,226.0,5.0,30.0
QLMCQPILL,150.0,842.0,32.0,155.0,23.0,165.0
YDANYFLCW,144.0,740.0,39.0,207.0,20.0,69.0
LLYDANYFLC,143.0,803.0,30.0,179.0,20.0,151.0
YLNTLTLAV,142.0,789.0,42.0,287.0,24.0,133.0
LYIIKLIFL,141.0,900.0,28.0,140.0,23.0,82.0
NPLLYDANY,139.0,763.0,38.0,260.0,16.0,68.0
MVMCGGSLYV,138.0,762.0,35.0,167.0,20.0,108.0
LYIIKLIFLW,135.0,598.0,28.0,164.0,14.0,67.0
AIPTNFTISV,134.0,816.0,21.0,116.0,7.0,34.0
FLYIIKLVFL,133.0,743.0,32.0,184.0,16.0,84.0
MPASWVMRI,132.0,771.0,32.0,182.0,19.0,142.0
RFLYIIKLIF,131.0,844.0,45.0,211.0,19.0,116.0
YIIKLIFLW,128.0,645.0,23.0,127.0,16.0,73.0
VMCGGSLYV,127.0,642.0,39.0,195.0,24.0,71.0
NATRFASVY,126.0,710.0,22.0,107.0,18.0,104.0
IPTNFTISV,125.0,548.0,40.0,216.0,17.0,99.0
ALALLLLDR,125.0,640.0,37.0,168.0,16.0,94.0
GEVFNATRF,124.0,821.0,32.0,197.0,13.0,35.0
AYSNNSIAIPTNF,123.0,690.0,32.0,127.0,18.0,122.0
FNATRFASVY,122.0,616.0,32.0,156.0,13.0,73.0
GDAALALLLL,121.0,729.0,32.0,222.0,14.0,76.0
FLYIIKLIFL,119.0,647.0,46.0,275.0,16.0,66.0
LLLLDRLNQL,119.0,701.0,31.0,162.0,14.0,97.0
FGEVFNATRF,118.0,580.0,26.0,127.0,6.0,25.0
YFTSDYYQLY,116.0,636.0,21.0,139.0,11.0,55.0
LLLDRLNQL,116.0,779.0,29.0,160.0,13.0,122.0
VPHVGEIPVAY,115.0,590.0,37.0,225.0,11.0,30.0
VLHSYFTSDY,115.0,689.0,23.0,140.0,18.0,117.0
KPLEFGATSAAL,115.0,574.0,22.0,159.0,15.0,52.0
ILGTVSWNL,113.0,545.0,20.0,97.0,14.0,85.0
LALLLLDRL,113.0,534.0,21.0,148.0,12.0,60.0
YIIKLIFLWL,113.0,561.0,27.0,128.0,6.0,35.0
LLLLDRLNQ,111.0,584.0,27.0,118.0,11.0,49.0
NSIAIPTNF,111.0,670.0,29.0,159.0,19.0,97.0
GEIPVAYRKVLL,109.0,467.0,28.0,141.0,20.0,85.0
SNEKQEILGTVSW,109.0,580.0,20.0,132.0,10.0,55.0
LPFFSNVTW,106.0,692.0,14.0,139.0,8.0,54.0
TLIGDCATV,105.0,488.0,30.0,99.0,25.0,195.0
FFSNVTWFH,100.0,444.0,20.0,152.0,11.0,87.0
FPPTSFGPL,98.0,590.0,26.0,109.0,15.0,50.0
VSIWNLDYII,98.0,523.0,24.0,128.0,8.0,29.0
RTFKVSIWNL,98.0,492.0,22.0,132.0,13.0,107.0
PFFSNVTWF,97.0,514.0,20.0,179.0,6.0,49.0
SYFTSDYYQL,97.0,511.0,22.0,129.0,9.0,75.0
FLPFFSNVT,96.0,521.0,8.0,103.0,9.0,92.0
SNVTWFHAI,94.0,515.0,20.0,184.0,10.0,118.0
VASQSIIAY,92.0,486.0,20.0,102.0,10.0,55.0
YLQPRTFL,92.0,467.0,26.0,185.0,11.0,40.0
WICLLQFAY,92.0,406.0,27.0,141.0,9.0,58.0
ILLIIMRTFK,91.0,487.0,26.0,143.0,13.0,50.0
YYVGYLQPRTF,90.0,521.0,16.0,105.0,10.0,72.0
RSVASQSII,90.0,542.0,26.0,113.0,14.0,65.0
FKVSIWNLDY,89.0,527.0,27.0,127.0,15.0,54.0
KVSIWNLDYI,88.0,542.0,21.0,134.0,14.0,83.0
AYKTFPPTEPK,88.0,590.0,15.0,94.0,8.0,50.0
SIIAYTMSL,88.0,463.0,21.0,132.0,18.0,108.0
SIWNLDYII,87.0,455.0,16.0,89.0,10.0,30.0
ITLATCELY,87.0,519.0,17.0,74.0,8.0,34.0
ASQSIIAYTM,85.0,415.0,10.0,39.0,6.0,30.0
KVPTDNYITTY,85.0,416.0,16.0,92.0,12.0,64.0
LPFFSNVTWF,83.0,457.0,16.0,115.0,4.0,54.0
TFKVSIWNL,83.0,469.0,22.0,124.0,16.0,64.0
LIIMRTFKV,82.0,425.0,24.0,123.0,8.0,72.0
NYNYLYRLF,80.0,399.0,25.0,129.0,7.0,25.0
YIFFASFYY,80.0,409.0,16.0,118.0,8.0,43.0
SQSIIAYTM,80.0,441.0,25.0,145.0,10.0,35.0
LEPLVDLPI,80.0,457.0,19.0,93.0,14.0,80.0
APSASAFFGM,79.0,380.0,10.0,64.0,3.0,15.0
KVSIWNLDY,77.0,463.0,18.0,65.0,10.0,78.0
CELYHYQECV,77.0,449.0,29.0,152.0,10.0,62.0
KLWAQCVQL,76.0,437.0,20.0,151.0,10.0,49.0
KTFPPTEPK,76.0,345.0,13.0,54.0,8.0,56.0
YLQPRTFLL,75.0,441.0,17.0,103.0,11.0,34.0
IMRTFKVSI,75.0,454.0,15.0,109.0,14.0,59.0
YLDAYNMMI,75.0,425.0,18.0,133.0,6.0,10.0
MWSFNPETNI,74.0,367.0,14.0,77.0,13.0,83.0
LNDLCFTNVY,71.0,388.0,13.0,64.0,4.0,20.0
FTNVYADSFV,71.0,473.0,16.0,122.0,9.0,40.0
ASAFFGMSR,71.0,347.0,17.0,91.0,12.0,90.0
NYLYRLFRK,71.0,398.0,21.0,189.0,9.0,65.0
LITGRLQSL,70.0,374.0,14.0,73.0,10.0,40.0
NVYADSFVIR,70.0,397.0,19.0,65.0,7.0,35.0
EYVSQPFLM,69.0,324.0,19.0,107.0,6.0,40.0
APHGVVFL,68.0,352.0,9.0,20.0,4.0,20.0
FTNVYADSF,67.0,338.0,12.0,50.0,11.0,38.0
ALRKVPTDNYITTY,67.0,415.0,18.0,83.0,6.0,40.0
GVVFLHVTY,67.0,372.0,10.0,54.0,5.0,44.0
YFPLQSYGF,66.0,407.0,19.0,95.0,5.0,15.0
LITLATCELY,66.0,415.0,21.0,130.0,9.0,50.0
TLATCELYHY,65.0,349.0,17.0,99.0,11.0,95.0
SMWSFNPET,64.0,311.0,19.0,95.0,8.0,30.0
STGSNVFQTR,64.0,369.0,18.0,83.0,10.0,50.0
AQFAPSASA,64.0,315.0,9.0,19.0,8.0,35.0
ILGLPTQTV,63.0,335.0,19.0,145.0,9.0,55.0
CFTNVYADSF,62.0,349.0,20.0,115.0,6.0,25.0
SASAFFGMSR,62.0,289.0,20.0,97.0,8.0,55.0
TGSNVFQTR,60.0,337.0,9.0,70.0,14.0,73.0
VVFLHVTYV,60.0,332.0,12.0,49.0,8.0,45.0
SFNPETNIL,59.0,363.0,19.0,69.0,11.0,60.0
GRLQSLQTY,59.0,270.0,19.0,129.0,6.0,34.0
VYADSFVIR,59.0,320.0,16.0,90.0,12.0,107.0
DTDFVNEFYAY,59.0,315.0,14.0,70.0,3.0,39.0
FLCLFLLPSL,58.0,370.0,15.0,65.0,9.0,45.0
KLNVGDYFV,58.0,396.0,12.0,95.0,10.0,49.0
RLQSLQTYV,58.0,403.0,16.0,108.0,5.0,45.0
KLNDLCFTNV,57.0,305.0,12.0,30.0,11.0,120.0
CTFEYVSQPF,57.0,273.0,14.0,85.0,5.0,20.0
FLLPSLATV,57.0,400.0,12.0,75.0,7.0,25.0
YTVSCLPFTI,55.0,279.0,12.0,80.0,5.0,25.0
YFIASFRLFA,55.0,219.0,10.0,60.0,5.0,65.0
ILHCANFNV,54.0,245.0,13.0,55.0,12.0,95.0
GNYTVSCLPF,53.0,411.0,11.0,59.0,8.0,54.0
APHGVVFLHV,52.0,377.0,9.0,40.0,9.0,65.0
YVVDDPCPI,51.0,318.0,12.0,50.0,6.0,25.0
RNPANNAAIV,51.0,274.0,10.0,40.0,6.0,19.0
SYFIASFRLF,51.0,244.0,8.0,35.0,7.0,24.0
VYSTGSNVF,51.0,288.0,14.0,79.0,7.0,34.0
SEYKGPITDVFY,49.0,297.0,8.0,25.0,10.0,50.0
NYTVSCLPF,48.0,299.0,5.0,40.0,4.0,25.0
NRDVDTDFVNEFY,48.0,265.0,9.0,45.0,7.0,20.0
TMADLVYAL,48.0,225.0,13.0,79.0,5.0,15.0
FIASFRLFA,48.0,314.0,9.0,45.0,8.0,55.0
HVTFFIYNK,45.0,240.0,9.0,39.0,4.0,18.0
FEYVSQPFL,45.0,204.0,14.0,70.0,7.0,25.0
YTMADLVYA,44.0,275.0,15.0,75.0,10.0,35.0
NPANNAAIV,44.0,200.0,13.0,55.0,12.0,50.0
VEHVTFFIY,44.0,291.0,7.0,45.0,4.0,25.0
SEVGPEHSLAEY,43.0,230.0,18.0,94.0,7.0,50.0
VQIDRLITGR,43.0,229.0,9.0,50.0,5.0,35.0
TPINLVRDL,42.0,258.0,8.0,20.0,7.0,38.0
VVDDPCPIHFY,42.0,254.0,11.0,59.0,9.0,69.0
ITDVFYKENSY,42.0,179.0,13.0,95.0,9.0,54.0
NPANNAAIVL,41.0,244.0,18.0,105.0,12.0,55.0
STDTGVEHVTFFIY,41.0,274.0,12.0,44.0,4.0,35.0
FIAGLIAIV,40.0,223.0,11.0,50.0,8.0,45.0
GVEHVTFFIY,40.0,229.0,12.0,40.0,6.0,35.0
VDDPCPIHFY,39.0,230.0,16.0,85.0,7.0,20.0
HPLADNKFAL,39.0,241.0,12.0,40.0,2.0,14.0
LQFAYANRNR,39.0,194.0,5.0,25.0,6.0,35.0
YFIASFRLF,39.0,240.0,11.0,83.0,7.0,34.0
QPYRVVVL,38.0,270.0,12.0,75.0,5.0,24.0
FLNRFTTTL,38.0,210.0,4.0,25.0,5.0,10.0
SPFHPLADNKFAL,38.0,230.0,7.0,55.0,2.0,20.0
ALSKGVHFV,38.0,205.0,9.0,29.0,7.0,40.0
NLNESLIDL,38.0,205.0,8.0,65.0,3.0,14.0
FAYANRNRF,37.0,178.0,12.0,89.0,3.0,14.0
EILDITPCSF,37.0,218.0,14.0,93.0,9.0,15.0
FPQSAPHGV,37.0,220.0,8.0,20.0,4.0,19.0
ITEEVGHTDLMAAY,36.0,220.0,8.0,43.0,7.0,25.0
PYRVVVLSF,36.0,205.0,10.0,64.0,4.0,20.0
ATSRTLSYY,35.0,205.0,6.0,55.0,5.0,58.0
AEVQIDRLI,34.0,155.0,7.0,20.0,4.0,20.0
VEAEVQIDRL,33.0,225.0,7.0,35.0,6.0,40.0
FERDISTEIY,33.0,170.0,5.0,10.0,3.0,10.0
TLVPQEHYV,33.0,145.0,8.0,30.0,7.0,55.0
FTISVTTEIL,31.0,155.0,7.0,40.0,1.0,
SEISMDNSPNL,31.0,190.0,4.0,20.0,4.0,20.0
CNDPFLGVYY,31.0,190.0,8.0,39.0,5.0,25.0
QPYRVVVLSF,30.0,134.0,13.0,55.0,3.0,30.0
VVYRGTTTY,30.0,105.0,6.0,30.0,3.0,20.0
TLKSFTVEK,30.0,179.0,4.0,25.0,1.0,20.0
KPFERDISTEI,29.0,200.0,11.0,80.0,4.0,15.0
ATSRTLSYYK,29.0,190.0,8.0,55.0,6.0,10.0
AEVQIDRLIT,29.0,199.0,10.0,69.0,4.0,20.0
FPQSAPHGVVF,29.0,164.0,7.0,35.0,3.0,15.0
SSANNCTFEY,29.0,139.0,6.0,34.0,4.0,15.0
CPDGVKHVY,29.0,155.0,6.0,25.0,6.0,29.0
LPAADLDDF,28.0,115.0,3.0,25.0,2.0,10.0
IQYIDIGNY,28.0,130.0,4.0,15.0,4.0,20.0
GYQPYRVVVL,28.0,95.0,9.0,70.0,5.0,25.0
FCNDPFLGVY,28.0,185.0,8.0,29.0,3.0,15.0
QELIRQGTDY,27.0,165.0,1.0,,4.0,19.0
VLAWLYAAV,27.0,213.0,5.0,15.0,4.0,25.0
TLDSKTQSL,26.0,90.0,6.0,29.0,3.0,20.0
QECVRGTTVL,26.0,115.0,4.0,20.0,6.0,35.0
QWNLVIGFLF,26.0,70.0,6.0,50.0,3.0,10.0
CMTSCCSCLK,26.0,125.0,5.0,35.0,2.0,15.0
ASANLAATK,26.0,155.0,9.0,50.0,4.0,10.0
TVATSRTLSY,26.0,139.0,10.0,45.0,5.0,25.0
FERDISTEI,25.0,164.0,5.0,20.0,4.0,29.0
VFITLCFTLK,25.0,125.0,3.0,19.0,2.0,5.0
YANRNRFLY,24.0,179.0,7.0,30.0,2.0,20.0
VFITLCFTL,24.0,160.0,4.0,35.0,1.0,5.0
CNDPFLGVY,24.0,195.0,5.0,19.0,4.0,25.0
SWMESEFRVY,24.0,145.0,2.0,20.0,4.0,10.0
TSRTLSYYK,23.0,140.0,9.0,65.0,7.0,40.0
VYSSANNCTF,23.0,120.0,9.0,75.0,4.0,
HLVDFQVTI,23.0,120.0,8.0,55.0,3.0,20.0
QELIRQGTDYKHW,23.0,138.0,6.0,44.0,3.0,15.0
AYILFTRFFYV,23.0,130.0,5.0,25.0,5.0,15.0
SASKIITLK,23.0,144.0,2.0,5.0,1.0,
STQDLFLPFF,22.0,120.0,1.0,5.0,2.0,10.0
KSWMESEFRV,22.0,90.0,3.0,15.0,2.0,10.0
KLLEQWNLV,22.0,110.0,8.0,44.0,4.0,25.0
ALNTPKDHI,22.0,105.0,3.0,25.0,5.0,30.0
AEIRASANLA,21.0,140.0,7.0,30.0,5.0,50.0
WMESEFRVY,21.0,105.0,7.0,34.0,3.0,10.0
RIFTIGTVTLK,21.0,129.0,6.0,45.0,2.0,10.0
FAFACPDGVKHVY,21.0,145.0,7.0,45.0,4.0,5.0
ASKIITLKK,20.0,105.0,6.0,45.0,3.0,10.0
SLVKPSFYV,20.0,90.0,2.0,14.0,2.0,15.0
NSSPDDQIGY,20.0,100.0,1.0,10.0,3.0,25.0
SETKCTLKSF,20.0,115.0,3.0,25.0,2.0,10.0
DGVKHVYQL,20.0,75.0,12.0,65.0,1.0,10.0
IPIQASLPF,19.0,118.0,7.0,40.0,1.0,5.0
AEIRASANL,19.0,99.0,5.0,25.0,4.0,20.0
KTSVDCTMYI,19.0,120.0,10.0,30.0,4.0,30.0
TLADAGFIK,19.0,110.0,5.0,20.0,,
MTSCCSCLK,19.0,128.0,5.0,30.0,6.0,40.0
AEIPKEEVKPF,19.0,105.0,6.0,40.0,5.0,40.0
NTNSSPDDQIGYY,19.0,95.0,3.0,15.0,3.0,25.0
EEHVQIHTI,19.0,118.0,8.0,39.0,7.0,45.0
AELEGIQY,19.0,115.0,4.0,30.0,,
IVDTVSALV,18.0,105.0,5.0,20.0,3.0,25.0
ADAGFIKQY,18.0,107.0,5.0,15.0,4.0,15.0
NQKLIANQF,18.0,85.0,3.0,30.0,1.0,10.0
SSNVANYQK,18.0,110.0,1.0,,3.0,10.0
TQTNSPRRAR,18.0,90.0,2.0,15.0,2.0,5.0
NYIAQVDVV,17.0,105.0,2.0,5.0,2.0,
YEGNSPFHPL,16.0,90.0,3.0,30.0,3.0,10.0
GVYDYLVST,16.0,80.0,5.0,5.0,2.0,20.0
LVLSVNPYV,16.0,95.0,5.0,25.0,1.0,
GTHWFVTQR,16.0,60.0,9.0,50.0,5.0,30.0
ELIRQGTDY,16.0,75.0,5.0,15.0,2.0,25.0
HLMSFPQSA,16.0,70.0,3.0,15.0,1.0,5.0
QTNSPRRAR,15.0,74.0,5.0,20.0,,
DLPIGINITR,15.0,85.0,8.0,25.0,,
YYHKNNKSW,15.0,70.0,2.0,15.0,,
MDLFMRIFTI,15.0,75.0,3.0,20.0,2.0,15.0
LLMPILTLT,15.0,90.0,3.0,25.0,5.0,20.0
LLFNKVTLA,15.0,80.0,2.0,10.0,4.0,15.0
VTIAEILLI,15.0,100.0,9.0,70.0,2.0,25.0
SPRRARSVA,15.0,95.0,2.0,10.0,3.0,25.0
TLGVYDYLV,14.0,85.0,2.0,10.0,1.0,10.0
SEPVLKGVKL,14.0,70.0,5.0,15.0,4.0,25.0
YPDKVFRSSV,14.0,75.0,3.0,30.0,2.0,5.0
SYQTQTNSPR,14.0,105.0,3.0,10.0,3.0,25.0
HTDFSSEIIGY,14.0,99.0,1.0,5.0,1.0,
LPPAYTNSF,14.0,65.0,7.0,25.0,3.0,15.0
TQDLFLPFF,13.0,45.0,10.0,35.0,,
YPDKVFRSS,13.0,80.0,1.0,,,
YHLMSFPQSA,13.0,80.0,5.0,10.0,2.0,15.0
IGAEHVNNSY,13.0,100.0,,,1.0,10.0
ATEGALNTPK,13.0,65.0,6.0,25.0,2.0,24.0
SSPDDQIGYY,13.0,89.0,6.0,20.0,,
LPIGINITRF,13.0,45.0,4.0,5.0,1.0,10.0
TYVPAQEKNF,13.0,65.0,5.0,10.0,2.0,5.0
IPIGAGICASY,12.0,95.0,2.0,15.0,3.0,25.0
KVFRSSVLH,12.0,54.0,4.0,10.0,2.0,10.0
LLLQYGSFC,12.0,95.0,2.0,5.0,1.0,10.0
LKKRWQLAL,12.0,85.0,,,1.0,5.0
EELKKLLEQW,12.0,90.0,7.0,45.0,,
VTYVPAQEK,12.0,80.0,5.0,10.0,1.0,10.0
TVYDPLQPELDSFK,12.0,70.0,1.0,5.0,2.0,5.0
CTLKSFTVEK,11.0,75.0,7.0,30.0,1.0,
SVLYNSASF,11.0,80.0,4.0,10.0,2.0,20.0
TTLPKGFYA,11.0,50.0,3.0,20.0,,
KIADYNYKL,11.0,35.0,1.0,,5.0,10.0
RQIAPGQTGK,11.0,70.0,3.0,25.0,4.0,34.0
AQVDVVNFNL,11.0,60.0,4.0,25.0,3.0,25.0
APGQTGKIA,11.0,104.0,4.0,40.0,,
NYSGVVTTVMF,11.0,115.0,1.0,5.0,2.0,15.0
IPRRNVATL,11.0,74.0,3.0,20.0,3.0,15.0
VYYPDKVFR,11.0,60.0,4.0,54.0,,
ITLKKRWQL,11.0,64.0,2.0,10.0,2.0,5.0
SSPDDQIGY,11.0,100.0,4.0,15.0,1.0,5.0
TFYLTNDVSFL,11.0,80.0,2.0,10.0,1.0,20.0
SVLNDILSR,11.0,35.0,2.0,10.0,2.0,25.0
QQQQGQTVTK,11.0,65.0,4.0,10.0,2.0,5.0
QQQGQTVTK,10.0,80.0,2.0,10.0,1.0,5.0
RARSVSPKL,10.0,55.0,2.0,15.0,1.0,5.0
KEIDRLNEV,10.0,20.0,4.0,20.0,2.0,20.0
IGAGICASY,10.0,30.0,3.0,10.0,2.0,20.0
GTITSGWTF,10.0,75.0,,,2.0,5.0
SEETGTLIV,10.0,50.0,4.0,50.0,,
QTGKIADYNY,10.0,70.0,4.0,15.0,2.0,15.0
LLSAGIFGA,10.0,50.0,1.0,10.0,1.0,5.0
DLFMRIFTI,10.0,55.0,4.0,25.0,1.0,5.0
TSNQVAVLY,10.0,55.0,3.0,10.0,3.0,25.0
FADDLNQLTGY,10.0,45.0,8.0,45.0,1.0,10.0
LQLPQGTTL,10.0,60.0,5.0,60.0,1.0,5.0
TLKKRWQLA,10.0,70.0,3.0,10.0,,
HLRIAGHHL,9.0,60.0,3.0,5.0,,
NSASFSTFK,9.0,60.0,3.0,30.0,,
NLWNTFTRL,9.0,55.0,2.0,10.0,,
YSVLYNSASF,9.0,20.0,2.0,15.0,,
QLPQGTTLPK,9.0,70.0,1.0,10.0,2.0,15.0
GVYYHKNNK,9.0,35.0,5.0,25.0,1.0,
HVTYVPAQEK,9.0,30.0,2.0,10.0,2.0,5.0
TLKKRWQLAL,9.0,65.0,4.0,25.0,,
FTYASALWEI,9.0,55.0,5.0,40.0,2.0,
AIAMACLVGL,9.0,54.0,2.0,20.0,1.0,5.0
GTTLPKGFY,9.0,30.0,2.0,5.0,1.0,15.0
TSDLATNNLVVMAY,9.0,40.0,,,,
IPFAMQMAY,8.0,20.0,6.0,30.0,3.0,55.0
LADAGFIKQY,8.0,70.0,5.0,30.0,1.0,5.0
SRIGMEVTPSGTW,8.0,54.0,1.0,10.0,,
VPLHGTIL,8.0,40.0,4.0,20.0,3.0,25.0
INITRFQTL,8.0,35.0,1.0,5.0,,
RIAGHHLGR,8.0,55.0,4.0,25.0,,
QEVFAQVKQIY,8.0,54.0,,,,
RISNCVADY,8.0,65.0,1.0,5.0,1.0,10.0
FVRATATIPI,8.0,55.0,,,2.0,10.0
IAMACLVGLM,8.0,45.0,6.0,40.0,2.0,15.0
FLLNKEMYL,7.0,40.0,4.0,25.0,1.0,10.0
IYSKHTPINL,7.0,10.0,1.0,,1.0,10.0
LSDDAVVCFNSTY,7.0,45.0,,,,
VGVALLAVF,7.0,45.0,3.0,15.0,,
ALLADKFPV,7.0,45.0,,,2.0,5.0
VLNDILSRL,7.0,60.0,2.0,10.0,,
AIMTRCLAV,7.0,25.0,,,2.0,10.0
GVAMPNLYK,7.0,50.0,2.0,20.0,1.0,5.0
TTLPVNVAF,7.0,30.0,1.0,5.0,1.0,25.0
ATVVIGTSK,7.0,35.0,3.0,20.0,,
FPRGQGVPI,7.0,50.0,1.0,5.0,2.0,5.0
FQPTNGVGY,6.0,25.0,1.0,5.0,,
GQTGKIADY,6.0,25.0,4.0,25.0,3.0,20.0
SSTFNVPMEKLK,6.0,20.0,2.0,5.0,1.0,10.0
RLDKVEAEV,6.0,25.0,1.0,20.0,2.0,5.0
GMSRIGMEV,6.0,30.0,1.0,5.0,1.0,5.0
RLFRKSNLK,6.0,65.0,1.0,10.0,1.0,15.0
LLQYGSFCT,6.0,15.0,3.0,25.0,,
ISDYDYYRY,6.0,30.0,,,,
KFPRGQGVPI,6.0,50.0,1.0,15.0,2.0,5.0
KMQRMLLEK,6.0,24.0,,,,
GAEHVNNSY,5.0,10.0,1.0,10.0,,
GTITVEELK,5.0,40.0,,,,
IVGVALLAVF,5.0,35.0,2.0,10.0,2.0,
RIRGGDGKM,5.0,,1.0,5.0,1.0,5.0
LLLCRMNSR,5.0,20.0,3.0,5.0,1.0,
WTAGAAAYYV,5.0,25.0,1.0,,,
LQIPFAMQM,5.0,30.0,3.0,15.0,3.0,10.0
LGAENSVAY,4.0,40.0,1.0,,1.0,5.0
NLDSKVGGNY,4.0,10.0,2.0,5.0,,
GDCEEEEFEPSTQY,4.0,15.0,1.0,5.0,,
TEILPVSMTK,4.0,20.0,4.0,30.0,1.0,10.0
YYRRATRRIR,4.0,10.0,1.0,10.0,1.0,5.0
AVLQSGFRK,4.0,20.0,1.0,,,
RIRGGDGKMK,4.0,15.0,,,2.0,10.0
ASQRVAGDSGFAAY,4.0,20.0,1.0,5.0,,
KLFIRQEEV,4.0,10.0,,,,
RILGAGCFV,4.0,15.0,,,2.0,10.0
DSGFAAYSR,4.0,20.0,3.0,15.0,1.0,
CALDPLSETK,4.0,40.0,,,,
VAGDSGFAAY,4.0,35.0,2.0,10.0,,
REGVFVSNGTHW,4.0,20.0,,,,
LYNSASFSTF,4.0,24.0,2.0,10.0,1.0,5.0
ALNTLVKQL,4.0,20.0,2.0,5.0,1.0,5.0
KMKDLSPRW,3.0,15.0,1.0,,,
SVSPKLFIR,3.0,20.0,5.0,25.0,2.0,10.0
LDYIINLII,3.0,25.0,2.0,5.0,,
RMNSRNYIA,3.0,15.0,1.0,10.0,1.0,5.0
TTSPISEHDY,3.0,25.0,,,,
RLYYDSMSY,3.0,15.0,,,2.0,9.0
AIILASFSA,3.0,10.0,,,,
VLQLPQGTTL,3.0,35.0,2.0,10.0,,
LIDLQELGKY,3.0,15.0,,,1.0,5.0
GAAAYYVGY,3.0,20.0,4.0,30.0,,
VFAQVKQIYK,3.0,15.0,1.0,5.0,,
IIKNLSKSL,3.0,20.0,,,,
VLQAVGACV,3.0,35.0,1.0,10.0,,
YVFCTVNAL,3.0,30.0,,,,
TEKSNIIRGW,3.0,30.0,,,1.0,15.0
WTAGAAAYY,3.0,25.0,,,1.0,
FSKQLQQSM,3.0,10.0,4.0,20.0,1.0,15.0
TQLNRALTGI,3.0,5.0,,,,
GPKKSTNLV,3.0,30.0,,,,
AQALNTLVK,3.0,15.0,,,,
YLKLTDNVYIK,2.0,20.0,,,,
MMISAGFSL,2.0,25.0,5.0,15.0,1.0,5.0
IPYNSVTSSI,2.0,15.0,1.0,,,
RVDFCGKGY,2.0,15.0,,,,
PYNSVTSSI,2.0,25.0,1.0,,1.0,10.0
FRYMNSQGL,2.0,5.0,,,,
ILASFSAST,2.0,5.0,1.0,10.0,2.0,5.0
TSPISEHDY,2.0,,,,,
ALDPLSETK,2.0,15.0,,,,
FLGRYMSAL,2.0,10.0,,,,
LLCRMNSRNY,2.0,15.0,,,1.0,5.0
LLALHRSYL,2.0,10.0,1.0,5.0,1.0,
SLIDLQELGK,2.0,15.0,,,,
YYRARAGEAANF,2.0,10.0,1.0,10.0,,
KLFAAETLK,2.0,15.0,,,1.0,
GSFCTQLNR,2.0,10.0,,,,
LPQGFSAL,2.0,10.0,,,,
LQLGFSTGV,2.0,,1.0,5.0,,
LPNNTASWF,2.0,20.0,,,1.0,5.0
FTEQPIDLVPNQPY,2.0,15.0,1.0,5.0,,
EEEFEPSTQYEY,2.0,5.0,,,,
QELGKYEQYI,2.0,25.0,1.0,,,
IYKTPPIKDF,2.0,15.0,,,1.0,5.0
ALWEIQQVV,2.0,15.0,,,,
LSKSLTENKY,2.0,20.0,1.0,,,
AENSVAYSN,2.0,45.0,1.0,5.0,,
YYQLYSTQL,2.0,15.0,1.0,,,
AENSVAYSNN,2.0,5.0,1.0,,1.0,10.0
YQKVGMQKY,1.0,,,,,
VVDKYFDCY,1.0,,1.0,,,
FVFKNIDGY,1.0,,1.0,5.0,,
RLNEVAKNL,1.0,5.0,,,,
TQNVLYENQK,1.0,,1.0,5.0,,
SSTASALGK,1.0,,,,1.0,
NMLRIMASL,1.0,15.0,1.0,5.0,,
NGVEGFNCY,1.0,,,,,
AEGSRGGSQA,1.0,5.0,,,,
MLWCKDGHV,1.0,,,,,
QELGKYEQYIKW,1.0,,,,,
LSSTASALGK,1.0,20.0,,,,
NSRIKASM,1.0,10.0,1.0,,,
VGARKSAPL,1.0,10.0,1.0,5.0,,
RLFARTRSM,1.0,5.0,1.0,,,
SSRGTSPAR,1.0,,,,,
RYRIGNYKL,1.0,,,,,
ALRANSAVK,1.0,10.0,,,,
SLLLCRMNSR,1.0,10.0,,,,
ILPDPSKPSK,1.0,10.0,,,,
ASFNYLKSPNFSK,1.0,5.0,,,,
KQIYKTPPIK,,,2.0,10.0,1.0,
LFARTRSMW,,,2.0,30.0,,
GTGPEAGLPY,,,1.0,5.0,,
YVYSRVKNL,,,1.0,10.0,1.0,5.0
NLSKSLTENK,,,1.0,5.0,1.0,
AVILRGHLR,,,1.0,10.0,,
ILLNKHID,,,,,1.0,
